{"cameraMode":{"drawMode":0,"name":"Shaded","section":"Shading Mode"},"sceneLighting":false,"audioPlay":false,"sceneViewState":{"showFog":true,"showMaterialUpdate":false,"showSkybox":true,"showFlares":true,"showImageEffects":true,"showParticleSystems":true},"in2DMode":false,"pivot":{"x":1.703399658203125,"y":-0.6698442101478577,"z":3.1173083782196047},"rotation":{"x":-0.1604025959968567,"y":-0.28429847955703738,"z":0.04830898717045784,"w":-0.9439871311187744},"size":4.492652893066406,"orthographic":false}