{"cameraMode":{"drawMode":0,"name":"Shaded","section":"Shading Mode"},"sceneLighting":true,"audioPlay":false,"sceneViewState":{"showFog":true,"showMaterialUpdate":false,"showSkybox":true,"showFlares":true,"showImageEffects":true,"showParticleSystems":true},"in2DMode":false,"pivot":{"x":3.9006834030151369,"y":-1.8225903511047364,"z":8.771821975708008},"rotation":{"x":-0.22888635098934174,"y":-0.12230128794908524,"z":0.029000353068113328,"w":-0.9653043150901794},"size":17.147321701049806,"orthographic":false}